public_metrics,verified,id,username,entities,name,created_at,description
"{'followers_count': 16641, 'following_count': 1170, 'tweet_count': 64026, 'listed_count': 153}",False,810555350944464896,realsci_DE,"{'url': {'urls': [{'start': 0, 'end': 23, 'url': 'https://t.co/eC25eZkKlv', 'expanded_url': 'http://realscientistsde.blogspot.com/', 'display_url': 'realscientistsde.blogspot.com'}]}, 'description': {'mentions': [{'start': 21, 'end': 36, 'username': 'RealScientists'}, {'start': 144, 'end': 153, 'username': 'msiemund'}]}}",Melanie @ Real Scientists DE,2016-12-18T18:40:29.000Z,"Das deutschsprachige @RealScientists. Echte Wissenschaft von echten ForscherInnen, AutorInnen, KommunikatorInnen, K√ºnstlerInnen... Diese Woche: @msiemund"
"{'followers_count': 957, 'following_count': 118, 'tweet_count': 293, 'listed_count': 36}",False,911193053641273344,openmethods_dh,"{'url': {'urls': [{'start': 0, 'end': 23, 'url': 'https://t.co/p560x8cAqN', 'expanded_url': 'https://openmethods.dariah.eu/', 'display_url': 'openmethods.dariah.eu'}]}}",OpenMethods,2017-09-22T11:38:47.000Z,"OpenMethods Metablog, Humanities at Scale, a DARIAH EU project funded by Horizon2020"
"{'followers_count': 1670, 'following_count': 965, 'tweet_count': 8608, 'listed_count': 79}",False,1421172834,UWuttke,"{'url': {'urls': [{'start': 0, 'end': 22, 'url': 'http://t.co/Tt0bEFywmA', 'expanded_url': 'http://ulrikewuttke.wordpress.com/', 'display_url': 'ulrikewuttke.wordpress.com'}]}}",Ulrike Wuttke,2013-05-11T17:31:09.000Z,"Interim Professor at University of Applied Sciences Potsdam |
Digital Humanities | Open Science | Library and Information Science | Research Data Management"
"{'followers_count': 2158, 'following_count': 1705, 'tweet_count': 9376, 'listed_count': 90}",False,391926702,RappAndrea,"{'url': {'urls': [{'start': 0, 'end': 23, 'url': 'https://t.co/5bIfd8QF7i', 'expanded_url': 'https://www.linglit.tu-darmstadt.de/institutlinglit/mitarbeitende/andrearapp/index.de.jsp', 'display_url': 'linglit.tu-darmstadt.de/institutlingli‚Ä¶'}]}, 'description': {'mentions': [{'start': 58, 'end': 70, 'username': 'TUDarmstadt'}]}}",Andrea Rapp,2011-10-16T09:24:18.000Z,Professor of Computational Philology and Medieval Studies @TUDarmstadt
"{'followers_count': 1076, 'following_count': 1928, 'tweet_count': 18497, 'listed_count': 84}",False,61145089,msiemund,"{'url': {'urls': [{'start': 0, 'end': 23, 'url': 'https://t.co/a3xTBYXvYu', 'expanded_url': 'http://linguence.de', 'display_url': 'linguence.de'}]}, 'description': {'hashtags': [{'start': 0, 'end': 3, 'tag': 'DH'}, {'start': 5, 'end': 9, 'tag': 'LIS'}, {'start': 11, 'end': 22, 'tag': 'Linguistik'}, {'start': 23, 'end': 36, 'tag': 'Liebesbriefe'}], 'mentions': [{'start': 49, 'end': 56, 'username': 'ULB_DA'}, {'start': 57, 'end': 70, 'username': 'LBriefarchiv'}, {'start': 86, 'end': 94, 'username': 'DHd2022'}, {'start': 106, 'end': 113, 'username': 'IBI_HU'}, {'start': 121, 'end': 131, 'username': 'InFoDiTex'}, {'start': 140, 'end': 150, 'username': 'PHintheDH'}]}}",Melanie Seltmann,2009-07-29T08:03:30.000Z,"#DH, #LIS, #Linguistik #Liebesbriefe & mehr | MA @ULB_DA @LBriefarchiv | Wiss. Koord. @DHd2022 | 2Studium @IBI_HU | Team @InFoDiTex | Hrsg. @PHintheDH"
"{'followers_count': 768, 'following_count': 207, 'tweet_count': 847, 'listed_count': 11}",False,882997351522217985,ULB_DA,"{'url': {'urls': [{'start': 0, 'end': 23, 'url': 'https://t.co/GCkyuK8PIh', 'expanded_url': 'https://www.ulb.tu-darmstadt.de', 'display_url': 'ulb.tu-darmstadt.de'}]}, 'description': {'urls': [{'start': 81, 'end': 104, 'url': 'https://t.co/Kf7aSTvTxr', 'expanded_url': 'http://ulb.tu-darmstadt.de/impressum/inde', 'display_url': 'ulb.tu-darmstadt.de/impressum/inde'}]}}",ULB Darmstadt,2017-07-06T16:19:08.000Z,Offizieller Account der Universit√§ts- und Landesbibliothek Darmstadt. Impressum: https://t.co/Kf7aSTvTxr‚Ä¶
"{'followers_count': 814, 'following_count': 769, 'tweet_count': 4188, 'listed_count': 20}",False,1280957126031138816,BBF_DIPFBerlin,"{'url': {'urls': [{'start': 0, 'end': 23, 'url': 'https://t.co/jKCaWSKrdG', 'expanded_url': 'https://bbf.dipf.de', 'display_url': 'bbf.dipf.de'}]}, 'description': {'hashtags': [{'start': 22, 'end': 33, 'tag': 'Bibliothek'}, {'start': 34, 'end': 41, 'tag': 'Archiv'}, {'start': 42, 'end': 52, 'tag': 'Forschung'}, {'start': 80, 'end': 96, 'tag': 'ResearchLibrary'}, {'start': 127, 'end': 134, 'tag': 'histed'}, {'start': 135, 'end': 153, 'tag': 'DigitalHumanities'}], 'mentions': [{'start': 7, 'end': 20, 'username': 'dipf_aktuell'}]}}",BBF des DIPF,2020-07-08T20:11:04.000Z,"BBF im @dipf_aktuell: #Bibliothek #Archiv #Forschung zur Bildungsgeschichte +++ #ResearchLibrary for the History of Education 
#histed #DigitalHumanities"
"{'followers_count': 424, 'following_count': 462, 'tweet_count': 174342, 'listed_count': 18}",False,796300684769562624,chabis_ch,"{'url': {'urls': [{'start': 0, 'end': 23, 'url': 'https://t.co/gfveatQHMk', 'expanded_url': 'http://www.chabis.ch', 'display_url': 'chabis.ch'}]}, 'description': {'urls': [{'start': 8, 'end': 31, 'url': 'https://t.co/BzT3SMw9eC', 'expanded_url': 'http://patreon.com/chabis_ch', 'display_url': 'patreon.com/chabis_ch'}], 'hashtags': [{'start': 137, 'end': 145, 'tag': 'Science'}]}}",Peter Guhl (@bones0@chaos.social),2016-11-09T10:37:32.000Z,Creator https://t.co/BzT3SMw9eC BSc business informatics FHO (St. Gallen). 25 years in IT. Linux. Mastodon: bones0@chaos.social Retweets #Science stuff he/him
"{'followers_count': 798, 'following_count': 640, 'tweet_count': 2523, 'listed_count': 28}",False,3063951376,steyer_ti,"{'url': {'urls': [{'start': 0, 'end': 23, 'url': 'https://t.co/8enwD76w7p', 'expanded_url': 'http://timosteyer.de', 'display_url': 'timosteyer.de'}]}}",Timo Steyer,2015-02-26T13:30:23.000Z,"Informationskompetenz Universit√§tsbibliothek Braunschweig | Digital Humanities | Digitales Publizieren
‚öΩÔ∏èü§π‚Äç‚ôÇÔ∏èüíªüìò
Privater Account"
"{'followers_count': 123, 'following_count': 109, 'tweet_count': 200, 'listed_count': 0}",False,1457295028519325697,herweg_nikola,,Nikola Herweg,2021-11-07T10:33:18.000Z,"Literaturwissenschaftlerin, Historikerin, schreibt √ºber Exil, Gegenwartsliteratur, Felix Hartlaub, Ilse Aichinger etc. und gegen Faschismus. Foto: Jens Tremmel"
"{'followers_count': 1455, 'following_count': 2603, 'tweet_count': 6504, 'listed_count': 64}",False,191606021,kol_t,"{'url': {'urls': [{'start': 0, 'end': 23, 'url': 'https://t.co/vQPCDOlpy8', 'expanded_url': 'http://orcid.org/0000-0003-1904-1841', 'display_url': 'orcid.org/0000-0003-1904‚Ä¶'}]}, 'description': {'mentions': [{'start': 14, 'end': 25, 'username': 'digicademy'}, {'start': 26, 'end': 35, 'username': 'adwmainz'}, {'start': 71, 'end': 79, 'username': '_epidat'}]}}",Thomas Kollatz,2010-09-16T21:42:43.000Z,researcher at @digicademy @adwmainz |  Buber Korrespondenzen digital | @_epidat research platform for Jewish Epigraphy | Digital Humanities | Jewish Studies
"{'followers_count': 760, 'following_count': 1331, 'tweet_count': 4788, 'listed_count': 41}",False,964809955,nubuker,"{'url': {'urls': [{'start': 0, 'end': 23, 'url': 'https://t.co/fJbSxYZkHY', 'expanded_url': 'http://orcid.org/0000-0002-5070-4263', 'display_url': 'orcid.org/0000-0002-5070‚Ä¶'}]}}",Harald Lordick,2012-11-22T19:10:51.000Z,Researcher | Steinheim-Institut
"{'followers_count': 1792, 'following_count': 3024, 'tweet_count': 2509, 'listed_count': 29}",False,48298968,peertrilcke,"{'url': {'urls': [{'start': 0, 'end': 23, 'url': 'https://t.co/POGDU0fnR2', 'expanded_url': 'http://www.uni-potsdam.de/lit-19-jhd/welcome.html', 'display_url': 'uni-potsdam.de/lit-19-jhd/wel‚Ä¶'}]}, 'description': {'mentions': [{'start': 8, 'end': 22, 'username': 'FontaneArchiv'}, {'start': 57, 'end': 68, 'username': 'unipotsdam'}, {'start': 82, 'end': 93, 'username': 'DH_Potsdam'}]}}",Peer Trilcke,2009-06-18T09:23:27.000Z,"Head of @FontaneArchiv, Prof in Modern German Literature @unipotsdam & Speaker of @DH_Potsdam. Digital & Computational Literary Studies, Cultural Heritage etc."
"{'followers_count': 730, 'following_count': 898, 'tweet_count': 304, 'listed_count': 4}",False,1331572835886788608,MmzPotsdam,"{'url': {'urls': [{'start': 0, 'end': 23, 'url': 'https://t.co/t8pRfjir1y', 'expanded_url': 'http://www.mmz-potsdam.de', 'display_url': 'mmz-potsdam.de'}]}, 'description': {'urls': [{'start': 78, 'end': 101, 'url': 'https://t.co/t8pRfjir1y', 'expanded_url': 'http://www.mmz-potsdam.de', 'display_url': 'mmz-potsdam.de'}], 'mentions': [{'start': 108, 'end': 124, 'username': 'JuedischKompakt'}, {'start': 127, 'end': 138, 'username': 'JGO_Portal'}]}}",MMZ Potsdam,2020-11-25T12:18:07.000Z,"Moses Mendelssohn Zentrum f√ºr europ√§isch-j√ºdische Studien an der Uni Potsdam, https://t.co/t8pRfjir1y, auchüëâ@JuedischKompakt & @JGO_Portal, moses@mmz.uni-potsdam.de"
"{'followers_count': 227, 'following_count': 529, 'tweet_count': 42729, 'listed_count': 11}",False,147279468,dauerverwirrt,,Luke,2010-05-23T18:05:57.000Z,"Queer nerd, passionate about language(s) and data. ‚ö°üßë‚Äçüíª | Green left. üåª | Discord & Twitch mod üçé | DE/EN"
"{'followers_count': 1751, 'following_count': 1521, 'tweet_count': 349, 'listed_count': 18}",False,724702270890323968,dhd2022,"{'url': {'urls': [{'start': 0, 'end': 23, 'url': 'https://t.co/U0wib3uUpi', 'expanded_url': 'https://www.dhd2022.de', 'display_url': 'dhd2022.de'}]}, 'description': {'mentions': [{'start': 76, 'end': 84, 'username': 'DHDInfo'}, {'start': 103, 'end': 114, 'username': 'unipotsdam'}, {'start': 119, 'end': 129, 'username': 'fhpotsdam'}, {'start': 134, 'end': 145, 'username': 'dh_potsdam'}]}}",DHd2022,2016-04-25T20:51:00.000Z,"8. Jahrestagung des Verbands ¬ªDigital Humanities im deutschsprachigen Raum¬´ @DHDInfo, ausgerichtet von @unipotsdam und @fhpotsdam mit @dh_potsdam"
"{'followers_count': 722, 'following_count': 345, 'tweet_count': 4838, 'listed_count': 31}",False,402625250,dta_cthomas,"{'url': {'urls': [{'start': 0, 'end': 23, 'url': 'https://t.co/0G7q1d8eAV', 'expanded_url': 'http://www.bbaw.de/die-akademie/mitarbeiter/thomas', 'display_url': 'bbaw.de/die-akademie/m‚Ä¶'}]}, 'description': {'urls': [{'start': 96, 'end': 119, 'url': 'https://t.co/1fzXj19oq2', 'expanded_url': 'http://edition-humboldt.de', 'display_url': 'edition-humboldt.de'}, {'start': 140, 'end': 163, 'url': 'https://t.co/RPz6oR8u8H', 'expanded_url': 'http://goethe-biographica.de', 'display_url': 'goethe-biographica.de'}], 'hashtags': [{'start': 0, 'end': 18, 'tag': 'DigitalHumanities'}, {'start': 21, 'end': 46, 'tag': 'DigitalScholarlyEditions'}], 'mentions': [{'start': 85, 'end': 95, 'username': 'avhr_bbaw'}]}}",Christian Thomas,2011-11-01T10:42:17.000Z,"#DigitalHumanities & #DigitalScholarlyEditions of prints & mss., esp. A. v. Humboldt @avhr_bbaw https://t.co/1fzXj19oq2 and J. W. v. Goethe https://t.co/RPz6oR8u8H"
"{'followers_count': 272, 'following_count': 414, 'tweet_count': 3721, 'listed_count': 3}",False,1120556610,vivalben,"{'description': {'mentions': [{'start': 5, 'end': 21, 'username': 'MachtGeschichte'}, {'start': 22, 'end': 34, 'username': 'TUDarmstadt'}, {'start': 50, 'end': 60, 'username': 'uni_mainz'}, {'start': 77, 'end': 85, 'username': 'mpilhlt'}]}}",Benjamin Spendrin,2013-01-26T00:15:58.000Z,M.A. @MachtGeschichte @TUDarmstadt | B.A. History @uni_mainz | sci assistant @mpilhlt | he/him | üá©üá™üá¨üáßüá≥üá±üá´üá∑
"{'followers_count': 908, 'following_count': 788, 'tweet_count': 2454, 'listed_count': 10}",False,1063406634549067776,Dr_Frantastic,"{'url': {'urls': [{'start': 0, 'end': 23, 'url': 'https://t.co/54vY8ommwt', 'expanded_url': 'https://franziska-naether.net', 'display_url': 'franziska-naether.net'}]}, 'description': {'mentions': [{'start': 47, 'end': 59, 'username': 'SAW_Leipzig'}, {'start': 61, 'end': 72, 'username': 'UniLeipzig'}, {'start': 78, 'end': 94, 'username': 'StellenboschUni'}, {'start': 117, 'end': 127, 'username': 'KASonline'}, {'start': 129, 'end': 143, 'username': 'BoschStiftung'}, {'start': 146, 'end': 159, 'username': 'VolkswagenSt'}]}}",Dr. Franziska Naether,2018-11-16T12:21:13.000Z,"Egyptologist, Museum curator, Digital Humanist @SAW_Leipzig,
@UniLeipzig and 
@StellenboschUni. Fellow and Alumni of @KASonline,
@BoschStiftung, 
@VolkswagenSt."
"{'followers_count': 3786, 'following_count': 766, 'tweet_count': 4918, 'listed_count': 87}",False,533163305,DHDInfo,"{'url': {'urls': [{'start': 0, 'end': 22, 'url': 'http://t.co/4MJp2ABBvN', 'expanded_url': 'http://dig-hum.de', 'display_url': 'dig-hum.de'}]}, 'description': {'mentions': [{'start': 133, 'end': 146, 'username': 's_kronenwett'}]}}",DHd,2012-03-22T13:58:23.000Z,Digital Humanities im deutschsprachigen Raum e.V. (DHd)/ Association Digital Humanities in German Speaking Countries;  hier twittert @s_kronenwett (sk)
"{'followers_count': 560, 'following_count': 183, 'tweet_count': 3791, 'listed_count': 30}",False,1284392876,sabine_seifert,"{'url': {'urls': [{'start': 0, 'end': 23, 'url': 'https://t.co/qCMkg8F6Ok', 'expanded_url': 'http://www.fontanearchiv.de/sabine-seifert', 'display_url': 'fontanearchiv.de/sabine-seifert'}]}, 'description': {'urls': [{'start': 97, 'end': 120, 'url': 'https://t.co/iNi6uUCOAU', 'expanded_url': 'http://berliner-intellektuelle.eu', 'display_url': 'berliner-intellektuelle.eu'}, {'start': 122, 'end': 145, 'url': 'https://t.co/jUs1Zyaelo', 'expanded_url': 'http://fontanearchiv.de', 'display_url': 'fontanearchiv.de'}]}}",sabine seifert,2013-03-20T22:05:33.000Z,"literary studies. history of philology. digital humanities, digital editions. literary archives. https://t.co/iNi6uUCOAU. https://t.co/jUs1Zyaelo"
"{'followers_count': 2159, 'following_count': 2702, 'tweet_count': 119487, 'listed_count': 175}",False,14937469,v_i_o_l_a,"{'description': {'hashtags': [{'start': 0, 'end': 8, 'tag': 'm√ºnster'}, {'start': 9, 'end': 13, 'tag': 'WWU'}, {'start': 14, 'end': 18, 'tag': 'ULB'}, {'start': 19, 'end': 27, 'tag': 'library'}, {'start': 28, 'end': 45, 'tag': 'subjectlibrarian'}, {'start': 46, 'end': 63, 'tag': 'liaisonlibrarian'}, {'start': 81, 'end': 93, 'tag': 'openscience'}, {'start': 94, 'end': 105, 'tag': 'humanities'}, {'start': 106, 'end': 118, 'tag': 'linguistics'}, {'start': 119, 'end': 125, 'tag': 'music'}, {'start': 126, 'end': 131, 'tag': 'cats'}, {'start': 132, 'end': 138, 'tag': 'sheep'}, {'start': 139, 'end': 149, 'tag': 'squirrels'}], 'mentions': [{'start': 64, 'end': 80, 'username': 'ULB_MS_FachInfo'}]}}",viola vo√ü,2008-05-28T20:25:44.000Z,#m√ºnster #WWU #ULB #library #subjectlibrarian #liaisonlibrarian @ULB_MS_FachInfo #openscience #humanities #linguistics #music #cats #sheep #squirrels
"{'followers_count': 6432, 'following_count': 3254, 'tweet_count': 14413, 'listed_count': 163}",False,57030951,hudsonalpha,"{'url': {'urls': [{'start': 0, 'end': 22, 'url': 'http://t.co/YSAOcyqpjP', 'expanded_url': 'http://www.hudsonalpha.org/', 'display_url': 'hudsonalpha.org'}]}}",HudsonAlpha,2009-07-15T14:29:49.000Z,"A nonprofit institute where scientists, educators, clinicians and entrepreneurs collaborate and apply genomics to improve the human condition around the globe."
"{'followers_count': 1044, 'following_count': 1820, 'tweet_count': 12182, 'listed_count': 95}",False,4162410142,anwagnerdreas,"{'description': {'mentions': [{'start': 19, 'end': 27, 'username': 'mpilhlt'}]}}",Andreas Wagner,2015-11-11T07:46:30.000Z,"Digital Humanities @mpilhlt. Also (Early Modern) Political Philosophy. Opinions are my own, retweets not always endorsements. (he/him)
orcid:0000-0003-1835-1653"
"{'followers_count': 2844, 'following_count': 2882, 'tweet_count': 6550, 'listed_count': 36}",False,2495031673,_lenaackermann,"{'url': {'urls': [{'start': 0, 'end': 23, 'url': 'https://t.co/AwezHEojk3', 'expanded_url': 'https://lenaackermann.wordpress.com/', 'display_url': 'lenaackermann.wordpress.com'}]}, 'description': {'mentions': [{'start': 21, 'end': 33, 'username': 'BRCnijmegen'}, {'start': 45, 'end': 59, 'username': 'uniGoettingen'}, {'start': 60, 'end': 72, 'username': 'Radboud_Uni'}, {'start': 94, 'end': 102, 'username': 'fem_abc'}]}}",Lena Ackermann,2014-05-14T21:23:16.000Z,Scicomm and outreach @BRCnijmegen | teaching @uniGoettingen @Radboud_Uni | feminist book club @fem_abc | lacrosse player and coach | she/her | üè≥Ô∏è‚Äçüåà
"{'followers_count': 2755, 'following_count': 1060, 'tweet_count': 31636, 'listed_count': 105}",False,1062831254,karolinedoering,"{'url': {'urls': [{'start': 0, 'end': 23, 'url': 'https://t.co/Ynfxu8Mhdh', 'expanded_url': 'http://mittelalter.hypotheses.org', 'display_url': 'mittelalter.hypotheses.org'}]}, 'description': {'hashtags': [{'start': 54, 'end': 65, 'tag': 'Geschichte'}, {'start': 66, 'end': 84, 'tag': 'Projektmanagement'}, {'start': 85, 'end': 101, 'tag': 'Schreibberatung'}], 'mentions': [{'start': 5, 'end': 21, 'username': 'mittelalterblog'}, {'start': 23, 'end': 32, 'username': 'AMAD_org'}, {'start': 37, 'end': 52, 'username': 'OpenHistory_eV'}, {'start': 116, 'end': 126, 'username': 'lando_muc'}]}}",Karoline D√∂ring,2013-01-05T11:51:37.000Z,"1 of @mittelalterblog, @AMAD_org and @OpenHistory_eV 
#Geschichte #Projektmanagement #Schreibberatung. 
Sonst immer @lando_muc"
"{'followers_count': 1617, 'following_count': 1064, 'tweet_count': 8486, 'listed_count': 80}",False,144832173,felwert,"{'url': {'urls': [{'start': 0, 'end': 23, 'url': 'https://t.co/gd0QoImdDw', 'expanded_url': 'https://ceres.rub.de/en/people/frederik-elwert/', 'display_url': 'ceres.rub.de/en/people/fred‚Ä¶'}]}, 'description': {'mentions': [{'start': 34, 'end': 44, 'username': 'CERES_RUB'}, {'start': 52, 'end': 65, 'username': 'DiGArtefacts'}]}}",Frederik Elwert,2010-05-17T12:23:42.000Z,Digital Humanities coordinator at @CERES_RUB. Co-PI @DiGArtefacts. And other things. he/him/they/them
"{'followers_count': 400, 'following_count': 871, 'tweet_count': 972, 'listed_count': 9}",False,1537347103,BeataMache,,Beata Mache,2013-06-21T20:54:43.000Z,Digitale Forschungsinfrastrukturen
"{'followers_count': 448, 'following_count': 1166, 'tweet_count': 6742, 'listed_count': 11}",False,4155225724,irene_barbers,"{'description': {'hashtags': [{'start': 101, 'end': 109, 'tag': 'nonazis'}, {'start': 110, 'end': 116, 'tag': 'noafd'}]}}",Irene Barbers,2015-11-10T08:25:53.000Z,"Librarian | Ex-Buchh√§ndlerin | Dipl.-Bibl. |
Master in Library and Information Science |
she / her | #nonazis #noafd üíâ üíâüíâüåà"
"{'followers_count': 548, 'following_count': 1062, 'tweet_count': 1666, 'listed_count': 14}",False,869477414832934912,dinger_p,"{'url': {'urls': [{'start': 0, 'end': 23, 'url': 'https://t.co/MdAL8NJz7n', 'expanded_url': 'https://www.ulb.uni-muenster.de/~personal/dinger/', 'display_url': 'ulb.uni-muenster.de/~personal/ding‚Ä¶'}]}, 'description': {'hashtags': [{'start': 0, 'end': 18, 'tag': 'digitalhumanities'}, {'start': 19, 'end': 29, 'tag': 'europeana'}, {'start': 153, 'end': 157, 'tag': 'ULB'}], 'mentions': [{'start': 139, 'end': 152, 'username': 'WWU_Muenster'}]}}",Patrick Dinger,2017-05-30T08:55:44.000Z,#digitalhumanities #europeana | Collection Management | Historical Newspapers | Publikation | Historian and Information Scientist working  @WWU_Muenster #ULB
"{'followers_count': 1844, 'following_count': 3377, 'tweet_count': 5699, 'listed_count': 35}",False,831564825914400768,swagunke,"{'url': {'urls': [{'start': 0, 'end': 23, 'url': 'https://t.co/Rm8QRmIwUs', 'expanded_url': 'https://swantjedogunke.com/', 'display_url': 'swantjedogunke.com'}]}}",Swagunke,2017-02-14T18:04:39.000Z,"Museum Studies 
Library and Information Science
Digital Humanities"
"{'followers_count': 56, 'following_count': 4, 'tweet_count': 10844, 'listed_count': 1}",False,1398514088645480448,pavaobot,"{'url': {'urls': [{'start': 0, 'end': 23, 'url': 'https://t.co/BVj1qKKxt7', 'expanded_url': 'http://www.qualichat.com', 'display_url': 'qualichat.com'}]}, 'description': {'hashtags': [{'start': 71, 'end': 88, 'tag': 'Mediengeschichte'}, {'start': 89, 'end': 102, 'tag': 'MediaHistory'}, {'start': 103, 'end': 116, 'tag': 'PosHumanismo'}, {'start': 117, 'end': 132, 'tag': 'Posthumanismus'}, {'start': 133, 'end': 146, 'tag': 'PostHumanism'}, {'start': 147, 'end': 154, 'tag': 'NLProc'}], 'mentions': [{'start': 54, 'end': 70, 'username': 'noblecavalcante'}]}}",Pav√£obot ü¶ö Qualichat,2021-05-29T05:39:03.000Z,Sou um rob√¥ üáßüá∑ Ich bin ein Bot üá©üá™ I‚Äôm a Bot üá∫üá∏ Run by @noblecavalcante #Mediengeschichte #MediaHistory #PosHumanismo #Posthumanismus #PostHumanism #NLProc
"{'followers_count': 3054, 'following_count': 2134, 'tweet_count': 96748, 'listed_count': 59}",False,970596409975156737,fdmhildesheim,"{'url': {'urls': [{'start': 0, 'end': 23, 'url': 'https://t.co/hOnPwaFEZb', 'expanded_url': 'https://www.degruyter.com/document/doi/10.1515/abitech-2020-2008/html', 'display_url': 'degruyter.com/document/doi/1‚Ä¶'}]}, 'description': {'hashtags': [{'start': 0, 'end': 12, 'tag': 'OpenScience'}], 'mentions': [{'start': 144, 'end': 155, 'username': 'annettestr'}]}}",RDM. Research Data Management. FDM-UB HI.,2018-03-05T09:46:31.000Z,"#OpenScience Annette Strauch-Davey, (yn siarad Cymraeg) üíæ ""Gl√ºck ist, wenn Gelegenheit auf Vorbereitung trifft.""(Bild: P. Hochstenbach/f√ºr mich @annettestr) ;)"
"{'followers_count': 16, 'following_count': 4, 'tweet_count': 124, 'listed_count': 2}",False,1455075374602375168,MmeSeltsamsLog,"{'description': {'mentions': [{'start': 42, 'end': 51, 'username': 'msiemund'}]}}",Madame Seltsam,2021-11-01T07:33:13.000Z,"Ein Dankbarkeitstagebuch, geschrieben von @msiemund"
"{'followers_count': 4898, 'following_count': 4643, 'tweet_count': 13158, 'listed_count': 232}",False,329246702,dhgermany,,Digital Hum@nities,2011-07-04T19:20:57.000Z,Unterstuetzung der trad. Geisteswiss. durch Informatik. Beschaeftige mich seit Jahren mit DH. Daher dieser Account. Meine Tweets = meine eigene Meinung!
"{'followers_count': 3676, 'following_count': 2096, 'tweet_count': 116829, 'listed_count': 501}",False,176733810,annettestr,"{'url': {'urls': [{'start': 0, 'end': 23, 'url': 'https://t.co/anm7KZet8q', 'expanded_url': 'https://www.b-i-t-online.de/heft/2021-04-forschungsdaten.pdf', 'display_url': 'b-i-t-online.de/heft/2021-04-f‚Ä¶'}]}, 'description': {'urls': [{'start': 58, 'end': 81, 'url': 'https://t.co/ZTQXYcgiQ7', 'expanded_url': 'http://mediacoop.uni-siegen.de/de/projekte/in', 'display_url': 'mediacoop.uni-siegen.de/de/projekte/in'}], 'mentions': [{'start': 83, 'end': 97, 'username': 'fdmhildesheim'}]}}",Annette Str‚ìêuch-Davey,2010-08-10T08:42:55.000Z,Welsh-speaker doing Research Data Management.üè¥Û†ÅßÛ†Å¢Û†Å∑Û†Å¨Û†Å≥Û†Åøüá™üá∫U.a https://t.co/ZTQXYcgiQ7‚Ä¶ @fdmhildesheim (work)
"{'followers_count': 80, 'following_count': 217, 'tweet_count': 309, 'listed_count': 1}",False,1176226848239476739,ASchieberle,,Andreas Schieberle,2019-09-23T20:08:36.000Z,Mehr Digitalisierung wagen. FDM@h_da
"{'followers_count': 847, 'following_count': 917, 'tweet_count': 1052, 'listed_count': 35}",False,250620142,StefanSchmunk,"{'description': {'mentions': [{'start': 53, 'end': 58, 'username': 'h_da'}]}}",Stefan Schmunk,2011-02-11T13:16:08.000Z,Professor of Information Science and Digital Library @h_da - opinions are my own
"{'followers_count': 5881, 'following_count': 2432, 'tweet_count': 25977, 'listed_count': 276}",False,250558059,Mareike2405,"{'url': {'urls': [{'start': 0, 'end': 23, 'url': 'https://t.co/jpX0yqsAFl', 'expanded_url': 'http://www.dhi-paris.fr/institut/team/wissenschaft/mareike-koenig.html', 'display_url': 'dhi-paris.fr/institut/team/‚Ä¶'}]}, 'description': {'mentions': [{'start': 19, 'end': 28, 'username': 'dhiparis'}]}}",Mareike K√∂nig,2011-02-11T10:04:03.000Z,Deputy Director at @dhiparis. Digital History and French-German Relations 19th c. - Personal account.
"{'followers_count': 4911, 'following_count': 977, 'tweet_count': 41512, 'listed_count': 393}",False,52349626,StabiHH,"{'url': {'urls': [{'start': 0, 'end': 23, 'url': 'https://t.co/PpHaf8yePG', 'expanded_url': 'http://stabi.hamburg', 'display_url': 'stabi.hamburg'}]}, 'description': {'mentions': [{'start': 71, 'end': 83, 'username': 'textundblog'}]}}",stabihh,2009-06-30T09:10:32.000Z,"Hier twittern Isabella Meinecke /im, Stefanie T√∂ppe /st, Markus Trapp (@textundblog) /mt und weitere StabiHH-KollegInnen."
"{'followers_count': 373, 'following_count': 376, 'tweet_count': 324, 'listed_count': 14}",False,2778343994,LBriefarchiv,"{'url': {'urls': [{'start': 0, 'end': 23, 'url': 'https://t.co/dIndoQxbL5', 'expanded_url': 'https://liebesbriefarchiv.de', 'display_url': 'liebesbriefarchiv.de'}]}, 'description': {'hashtags': [{'start': 27, 'end': 45, 'tag': 'Liebesbriefarchiv'}, {'start': 67, 'end': 82, 'tag': 'CitizenScience'}, {'start': 92, 'end': 104, 'tag': 'Gru√üUndKuss'}, {'start': 133, 'end': 152, 'tag': 'loveletterresearch'}], 'mentions': [{'start': 50, 'end': 58, 'username': 'unikold'}, {'start': 105, 'end': 117, 'username': 'TUDarmstadt'}, {'start': 118, 'end': 125, 'username': 'ULB_DA'}, {'start': 126, 'end': 131, 'username': 'h_da'}]}}",Liebesbriefarchiv,2014-08-29T12:01:29.000Z,"Hier twittert das Team des #Liebesbriefarchiv der @unikold und des #CitizenScience-Projekts #Gru√üUndKuss @TUDarmstadt @ULB_DA @h_da

#loveletterresearch"
"{'followers_count': 432, 'following_count': 227, 'tweet_count': 15067, 'listed_count': 5}",False,934565197423038465,historiavocis,,Christiane Gante,2017-11-25T23:31:21.000Z,"Historical Linguist, Lexicographer, ... 
Really into OldHighGerman and Old Germanic languages; loves manuscripts"
"{'followers_count': 221, 'following_count': 333, 'tweet_count': 460, 'listed_count': 3}",False,1167001976518975488,AMuenzmay,"{'description': {'mentions': [{'start': 0, 'end': 6, 'username': 'unipb'}, {'start': 8, 'end': 21, 'username': 'NFDI4Culture'}, {'start': 45, 'end': 56, 'username': 'ZentrumMEM'}, {'start': 58, 'end': 65, 'username': 'edirom'}, {'start': 66, 'end': 75, 'username': 'adwmainz'}, {'start': 77, 'end': 88, 'username': 'DetmoldHfM'}]}}",Andreas M√ºnzmay,2019-08-29T09:12:28.000Z,"@unipb, @NFDI4Culture, Beethovens Werkstatt, @ZentrumMEM, @edirom @adwmainz, @DetmoldHfM"
"{'followers_count': 25, 'following_count': 95, 'tweet_count': 40, 'listed_count': 1}",False,1463417094549037059,sarahondraszek,,Sarah Rebecca,2021-11-24T08:02:30.000Z,"Computational Linguistics, French Philology (B.A.) - Master's student in Digital Humanities üêõ"
"{'followers_count': 277, 'following_count': 1210, 'tweet_count': 2751, 'listed_count': 3}",False,974713914545135616,MarionGerbitz,"{'description': {'hashtags': [{'start': 59, 'end': 63, 'tag': 'WOL'}, {'start': 64, 'end': 83, 'tag': 'Gemeinwohl√ñkonomie'}, {'start': 84, 'end': 94, 'tag': 'B√ºrgerrat'}, {'start': 95, 'end': 103, 'tag': 'Podcast'}, {'start': 104, 'end': 122, 'tag': 'PolitischeBildung'}, {'start': 123, 'end': 138, 'tag': 'SocialLearning'}]}}",Marion Gerbitz üî¥üî¥üî¥,2018-03-16T18:28:01.000Z,"Bildung, Politik, Gesellschaft, Fan von Diskurs & Vielfalt #WOL #Gemeinwohl√ñkonomie #B√ºrgerrat #Podcast #PolitischeBildung #SocialLearning"
"{'followers_count': 534, 'following_count': 223, 'tweet_count': 255, 'listed_count': 11}",False,1110781803575549952,EvelynGius,"{'url': {'urls': [{'start': 0, 'end': 23, 'url': 'https://t.co/R8HfF9q8Sj', 'expanded_url': 'https://www.linglit.tu-darmstadt.de/institutlinglit/fachgebiete/digiphil/index.de.jsp', 'display_url': 'linglit.tu-darmstadt.de/institutlingli‚Ä¶'}]}, 'description': {'mentions': [{'start': 32, 'end': 44, 'username': 'TUDarmstadt'}, {'start': 54, 'end': 62, 'username': 'jcls_io'}]}}",Evelyn Gius,2019-03-27T05:53:14.000Z,"Professor for Digital Philology @TUDarmstadt & Editor @jcls_io
Computational Literary Studies | Annotation | Narrative Theory | Events, Plots, Conflict"
"{'followers_count': 1023, 'following_count': 53, 'tweet_count': 63086, 'listed_count': 17}",False,987712090071814144,DigtalHumanatee,"{'url': {'urls': [{'start': 0, 'end': 23, 'url': 'https://t.co/TDYzHBmbfe', 'expanded_url': 'https://www.deviantart.com/theartgrrl/art/Manatee-Mermaid-684352461', 'display_url': 'deviantart.com/theartgrrl/art‚Ä¶'}]}}",K. White,2018-04-21T15:18:07.000Z,"This bot, created in April 2018, automatically retweets digital humanities content. A real, digital librarian tweets occasionally. Profile pic by TheArtgrrl."
"{'followers_count': 508, 'following_count': 7, 'tweet_count': 35641, 'listed_count': 17}",False,1298687874112671751,BotLabhd,"{'url': {'urls': [{'start': 0, 'end': 23, 'url': 'https://t.co/rnkYXOoJLJ', 'expanded_url': 'http://www.labhd.ufba.br/', 'display_url': 'labhd.ufba.br'}]}, 'description': {'hashtags': [{'start': 55, 'end': 75, 'tag': 'HumanidadesDigitais'}, {'start': 77, 'end': 95, 'tag': 'SociologiaDigital'}, {'start': 96, 'end': 112, 'tag': 'HistoriaDigital'}, {'start': 113, 'end': 121, 'tag': 'GoodBot'}], 'mentions': [{'start': 28, 'end': 38, 'username': 'labhdufba'}]}}",Bot do Laborat√≥rio de Humanidades Digitais da UFBA,2020-08-26T18:25:14.000Z,"Ol√°, meu nome √© Roy!
Bot do @labhdufba interessado em:
#HumanidadesDigitais 
#SociologiaDigital
#HistoriaDigital
#GoodBot"
"{'followers_count': 506, 'following_count': 1020, 'tweet_count': 783, 'listed_count': 7}",False,720219120067821568,thomasS_UniR,"{'url': {'urls': [{'start': 0, 'end': 23, 'url': 'https://t.co/J3mHEdxorq', 'expanded_url': 'http://mi.ur.de/sekretariat-team/thomas-schmidt/index.html', 'display_url': 'mi.ur.de/sekretariat-te‚Ä¶'}]}}",Thomas Schmidt,2016-04-13T11:56:34.000Z,"Research assistant @ media informatics group, university of Regensburg.
Tweets in English/German.
When I'm quiet, people think I'm sad and usually I am."
"{'followers_count': 807, 'following_count': 853, 'tweet_count': 2034, 'listed_count': 37}",False,1097837820,SchJulzian,"{'url': {'urls': [{'start': 0, 'end': 23, 'url': 'https://t.co/8VNDOPAEh0', 'expanded_url': 'http://www.hgw.geschichte.uni-muenchen.de/schulz', 'display_url': 'hgw.geschichte.uni-muenchen.de/schulz'}]}}",Julian Schulz,2013-01-17T11:00:51.000Z,Max Weber Stiftung - Referent f√ºr Digital Humanities und Forschungsdatenmanagement | Dissertation: Stammbuch des Georg Birckel (Venedig)
"{'followers_count': 2255, 'following_count': 3882, 'tweet_count': 15823, 'listed_count': 31}",False,1121664816299433986,cvila_museum,"{'description': {'hashtags': [{'start': 26, 'end': 43, 'tag': 'Museumsp√§dagogik'}, {'start': 109, 'end': 121, 'tag': 'AgileKultur'}], 'mentions': [{'start': 12, 'end': 24, 'username': 'AgileKultur'}, {'start': 44, 'end': 56, 'username': 'HTWKLeipzig'}, {'start': 58, 'end': 73, 'username': 'daku_ThinkTank'}, {'start': 78, 'end': 86, 'username': 'DAKU_eV'}, {'start': 94, 'end': 107, 'username': 'MuseumEgling'}]}}",Christopher Vila,2019-04-26T06:38:26.000Z,Koordiniert @AgileKultur; #Museumsp√§dagogik @HTWKLeipzig; @daku_ThinkTank bei @DAKU_eV; macht @MuseumEgling; #AgileKultur
